Organic chemistry,3,20,0,1036,
Thial,24,29,0,1036,
Thioaldehyde,33,45,0,1036,
Functional group,51,67,0,1036,
Aldehyde,91,99,0,1036,
Aldehyde,172,180,0,1036,
Aryl group,207,217,0,1036,
Thioaldehyde,220,232,1,1036,
Thioketones,262,273,1,1036,
Thioaldehyde,286,298,2,1036,
Thioformaldehyde,358,374,2,1036,
Cyclic trimer,400,413,2,1036,
"1,3,5-trithiane",414,429,2,1036,
Thioacrolein,431,443,3,1036,
Diels-Alder reaction,522,542,3,1036,
Vinyldithiins,559,572,3,1036,
Thioformaldehyde,580,596,4,1036,
Interstellar space,632,650,4,1036,
Isotopologues,690,703,4,1036,
Steric bulk,721,732,5,1036,
Stable thioaldehydes,743,763,5,1036,
Thioaldehyde,815,827,7,1036,
Trapping processes,845,863,7,1036,
Reaction,882,890,8,1036,
Fc2P2S4,894,901,8,1036,
Benzaldehyde,907,919,8,1036,
Thiobenzaldehyde,941,957,8,1036,
Cycloadduct,973,984,8,1036,
Dithiophosphine ylides,994,1016,8,1036,
C2PS3 ring,1027,1037,8,1036,
